id;start_time;end_time
92c5c59f-7a24-4e7d-8f48-7e5dcceadf17;2023-07-21T10:15:25;2023-07-21T17:30:37
7c69c330-594d-483f-ac6f-cc43198ba150;2023-07-21T11:51:31;2023-07-22T07:54:33
2177f9cc-cff6-4e57-8dd6-a7dadd9382b6;2023-07-21T20:18:40;2023-07-22T03:42:34
5c3783b0-ee9b-4fcd-a273-89ff077b4b16;2023-07-21T23:44:41;2023-07-21T21:03:30
33f1e15d-c3d5-4fa9-9c55-780a895c5d35;2023-07-21T13:02:26;2023-07-21T11:02:52
92b51e8b-6fea-471a-bcc4-4e740c4dc1eb;2023-07-21T16:25:57;2023-07-21T21:50:36
98909309-9edb-4288-bd83-6fbe2edd7fdb;2023-07-21T19:19:43;2023-07-21T23:58:24
9a3f9ff9-297e-41a4-ae94-829dc581563b;2023-07-22T07:54:49;2023-07-21T21:06:56
653723fc-5b90-46d9-ba9e-eaf39ae8139e;2023-07-21T12:58:41;2023-07-22T01:00:07
25061edc-98ff-46c4-9b92-d25d67ae5e3d;2023-07-21T20:50:39;2023-07-22T00:17:01
